{"cameraMode":{"drawMode":0,"name":"Shaded","section":"Shading Mode"},"sceneLighting":false,"audioPlay":false,"sceneViewState":{"showFog":true,"showMaterialUpdate":false,"showSkybox":false,"showFlares":true,"showImageEffects":true,"showParticleSystems":true},"in2DMode":false,"pivot":{"x":2.3344593048095705,"y":0.49645137786865237,"z":-0.35350608825683596},"rotation":{"x":-0.017704224213957788,"y":0.9818719625473023,"z":-0.14720067381858827,"w":-0.11809352040290833},"size":6.190759181976318,"orthographic":false}