{"cameraMode":{"drawMode":0,"name":"Shaded","section":"Shading Mode"},"sceneLighting":true,"audioPlay":false,"sceneViewState":{"showFog":true,"showMaterialUpdate":false,"showSkybox":true,"showFlares":true,"showImageEffects":true,"showParticleSystems":true},"in2DMode":false,"pivot":{"x":181.49488830566407,"y":373.84490966796877,"z":-106.44189453125},"rotation":{"x":0.2373868227005005,"y":0.06986621767282486,"z":-0.01712014153599739,"w":0.9687482714653015},"size":1340.40283203125,"orthographic":false}