{"cameraMode":{"drawMode":0,"name":"Shaded","section":"Shading Mode"},"sceneLighting":false,"audioPlay":false,"sceneViewState":{"showFog":true,"showMaterialUpdate":false,"showSkybox":false,"showFlares":true,"showImageEffects":true,"showParticleSystems":true},"in2DMode":false,"pivot":{"x":-4.439206123352051,"y":4.4501953125,"z":3.3824191093444826},"rotation":{"x":-0.10438361018896103,"y":0.2020147442817688,"z":-0.021659834310412408,"w":-0.9735630750656128},"size":13.36730670928955,"orthographic":false}