{"cameraMode":{"drawMode":0,"name":"Shaded","section":"Shading Mode"},"sceneLighting":false,"audioPlay":false,"sceneViewState":{"showFog":true,"showMaterialUpdate":false,"showSkybox":false,"showFlares":true,"showImageEffects":true,"showParticleSystems":true},"in2DMode":false,"pivot":{"x":1.3934993743896485,"y":4.429027557373047,"z":-1.8993330001831055},"rotation":{"x":0.07425680756568909,"y":0.9034624695777893,"z":-0.17451274394989015,"w":0.3844306766986847},"size":18.577899932861329,"orthographic":false}