{"cameraMode":{"drawMode":0,"name":"Shaded","section":"Shading Mode"},"sceneLighting":true,"audioPlay":false,"sceneViewState":{"showFog":true,"showMaterialUpdate":false,"showSkybox":true,"showFlares":true,"showImageEffects":true,"showParticleSystems":true},"in2DMode":false,"pivot":{"x":309.740478515625,"y":387.7848815917969,"z":341.0350341796875},"rotation":{"x":-0.055779580026865008,"y":-0.008389503695070744,"z":0.00046852746163494885,"w":-0.998407781124115},"size":1138.653076171875,"orthographic":false}