{"cameraMode":{"drawMode":0,"name":"Shaded","section":"Shading Mode"},"sceneLighting":true,"audioPlay":false,"sceneViewState":{"showFog":true,"showMaterialUpdate":false,"showSkybox":true,"showFlares":true,"showImageEffects":true,"showParticleSystems":true},"in2DMode":false,"pivot":{"x":-42.7114143371582,"y":-7.222304344177246,"z":0.9710437059402466},"rotation":{"x":-0.5966355204582214,"y":-0.05118934437632561,"z":0.038178831338882449,"w":-0.7999675869941711},"size":309.8604736328125,"orthographic":false}