{"cameraMode":{"drawMode":0,"name":"Shaded","section":"Shading Mode"},"sceneLighting":true,"audioPlay":false,"sceneViewState":{"showFog":true,"showMaterialUpdate":false,"showSkybox":true,"showFlares":true,"showImageEffects":true,"showParticleSystems":true},"in2DMode":false,"pivot":{"x":152.2683563232422,"y":325.1919860839844,"z":218.98822021484376},"rotation":{"x":-0.19701224565505982,"y":0.003527039662003517,"z":-0.0007089051650837064,"w":-0.9803944826126099},"size":998.6376953125,"orthographic":false}