{"cameraMode":{"drawMode":0,"name":"Shaded","section":"Shading Mode"},"sceneLighting":false,"audioPlay":false,"sceneViewState":{"showFog":true,"showMaterialUpdate":false,"showSkybox":false,"showFlares":true,"showImageEffects":true,"showParticleSystems":true},"in2DMode":false,"pivot":{"x":-10.149211883544922,"y":-0.03306865692138672,"z":0.1280508041381836},"rotation":{"x":-0.017704224213957788,"y":0.9818719625473023,"z":-0.14720067381858827,"w":-0.11809352040290833},"size":11.685327529907227,"orthographic":false}