{"cameraMode":{"drawMode":0,"name":"Shaded","section":"Shading Mode"},"sceneLighting":true,"audioPlay":false,"sceneViewState":{"showFog":true,"showMaterialUpdate":false,"showSkybox":true,"showFlares":true,"showImageEffects":true,"showParticleSystems":true},"in2DMode":false,"pivot":{"x":8.346046447753907,"y":23.449951171875,"z":44.43514633178711},"rotation":{"x":0.11621928215026856,"y":-0.20610132813453675,"z":-0.024660436436533929,"w":-0.9712915420532227},"size":91.74757385253906,"orthographic":false}